{"sidebars":{"blog-right-sidebar":["apus_properties-3","apus_recently_viewed-3"],"orphaned_widgets_1":["dsidx-quicksearch-2","dsidx-listings-3"],"orphaned_widgets_2":["apus_user_profile-2"],"orphaned_widgets_3":["apus_search-2","categories-3","apus_recent_post-2","archives-3","calendar-2","tag_cloud-2"],"header-search-sidebar":["filter_widget-3"],"search1_properties-sidebar":["dsidx-listings-2"],"search2_properties-sidebar":["search-2","recent-posts-2","recent-comments-2","archives-2","categories-2","meta-2"],"search3_properties-sidebar":["filter_widget-9"],"sidebar-default":[],"information-default":["text-2"],"social-default":["apus_socials_widget-2"],"header-infor-sidebar":["apus_contact_info-2"],"properties-default-top-sidebar":["filter_widget-13"],"properties-sidebar":["filter_widget-14","apus_mortgage_calculator-2","apus_properties-4"],"halfmap-sidebar":["filter_widget-10"],"single-property-sidebar":["agents_assigned_widget-4","enquire_widget-2","apus_mortgage_calculator-3","apus_properties-5","apus_recently_viewed-4"],"agencies-sidebar":["apus_properties-6","apus_recently_viewed-5"],"idx-sidebar":["dsidx-quicksearch-3","dsidx-listings-4"],"profile-sidebar":["apus_user_profile-3"],"blog-left-sidebar":["search-3","categories-4","apus_recent_post-3","calendar-3","tag_cloud-3"]},"widgets":{"apus_contact_info":{"2":{"phone_image":"http:\/\/demoapus.com\/homesweet\/wp-content\/uploads\/2017\/08\/Shape-11.png","phone_content":"+1 246-345-0695<br \/>\r\ninfo@homesweet.com","address_image":"http:\/\/demoapus.com\/homesweet\/wp-content\/uploads\/2017\/08\/Forma-11.png","address_content":"PO Box 16122 Collins Street West <br \/>\r\nVictoria 8007 Australia"},"_multiwidget":1},"apus_custom_menu":{"_multiwidget":1},"apus_posts":{"_multiwidget":1},"apus_recent_comment":{"_multiwidget":1},"apus_recent_post":{"2":{"title":"Recent Posts","post_type":"post","number_post":"3","layout":"default"},"3":{"title":"Recent Post","post_type":"post","number_post":"3","layout":"default"},"_multiwidget":1},"apus_search":{"2":{"title":"Search blog","post_type":"post"},"_multiwidget":1},"apus_single_image":{"_multiwidget":1},"apus_socials_widget":{"2":{"title":"","socials":{"facebook":{"status":"on","name":"Facebook","page_url":"#"},"twitter":{"status":"on","name":"Twitter","page_url":"#"},"youtube":{"status":"on","name":"Youtube","page_url":"#"},"pinterest":{"status":"on","name":"Pinterest","page_url":"#"},"google-plus":{"name":"Google","page_url":""},"linkedin":{"name":"LinkedIn","page_url":""},"instagram":{"name":"Instagram","page_url":""}},"layout":"default"},"_multiwidget":1},"apus_user_profile":{"2":{"enable_short_info":"labels","nav_menu":"authenticated-user"},"3":{"enable_short_info":"labels","nav_menu":"authenticated-user"},"_multiwidget":1},"apus_mortgage_calculator":{"2":{"title":"Mortgage Calculator"},"3":{"title":"Mortgage Calculator"},"_multiwidget":1},"apus_recently_viewed":{"3":{"title":"Recently Viewed","number":"4"},"4":{"title":"Recently Viewed","number":"3"},"5":{"title":"Recently Properties","number":"3"},"_multiwidget":1},"apus_properties":{"3":{"title":"Feature Properties","number":"3","orderby":"featured"},"4":{"title":"Recent Properties","number":"3","orderby":"latest"},"5":{"title":"Latest Properties","number":"3","orderby":"latest"},"6":{"title":"Latest Properties","number":"3","orderby":"latest"},"_multiwidget":1},"pages":{"_multiwidget":1},"calendar":{"2":{"title":"Calendar"},"3":{"title":"Calendar"},"_multiwidget":1},"archives":{"2":{"title":"","count":0,"dropdown":0},"3":{"title":"Archives","count":0,"dropdown":0},"_multiwidget":1},"media_audio":{"_multiwidget":1},"media_image":{"_multiwidget":1},"media_video":{"_multiwidget":1},"meta":{"2":{"title":""},"_multiwidget":1},"search":{"2":{"title":""},"3":{"title":""},"_multiwidget":1},"text":{"1":[],"2":{"title":"","text":"Mon - Sat: 08.00 AM - 18.00 PM","filter":true,"visual":true},"_multiwidget":1},"categories":{"2":{"title":"","count":0,"hierarchical":0,"dropdown":0},"3":{"title":"Categories","count":0,"hierarchical":0,"dropdown":0},"4":{"title":"Categories","count":0,"hierarchical":0,"dropdown":0},"_multiwidget":1},"recent-posts":{"2":{"title":"","number":5},"_multiwidget":1},"recent-comments":{"2":{"title":"","number":5},"_multiwidget":1},"rss":{"1":[],"_multiwidget":1},"tag_cloud":{"2":{"title":"Tags","count":0,"taxonomy":"post_tag"},"3":{"title":"Tags","count":0,"taxonomy":"post_tag"},"_multiwidget":1},"nav_menu":{"_multiwidget":1},"custom_html":{"_multiwidget":1},"agents_widget":{"_multiwidget":1},"agents_assigned_widget":{"4":{"title":""},"_multiwidget":1},"filter_widget":{"3":{"title":"Fillter Property","button_text":"Filter","input_titles":"placeholders","layout_type":"vertical","sort":",contract,property_title,property_type,baths,beds,garages,home_area,price,id,location,amenity,status,material,rooms,year_built,lot_area,featured,reduced,sticky,sold","hide_id":"on","hide_location":"on","hide_amenity":"on","hide_status":"on","hide_material":"on","hide_rooms":"on","hide_year_built":"on","hide_lot_area":"on","hide_featured":"on","hide_reduced":"on","hide_sticky":"on","hide_sold":"on","sort_adv":""},"9":{"title":"","button_text":"Search","input_titles":"placeholders","layout_type":"horizontal","price_min":"0","price_max":"1000000","sort":"","hide_id":"on","hide_amenity":"on","hide_status":"on","hide_contract":"on","hide_material":"on","hide_price":"on","hide_rooms":"on","hide_baths":"on","hide_beds":"on","hide_year_built":"on","hide_home_area":"on","hide_lot_area":"on","hide_garages":"on","hide_featured":"on","hide_reduced":"on","hide_sticky":"on","hide_sold":"on","show_adv_fields":"on","sort_adv":",beds,baths,garages,price,property_title,id,home_area,location,lot_area,property_type,amenity,status,contract,material,rooms,year_built,featured,reduced,sticky,sold","hide_adv_property_title":"on","hide_adv_id":"on","hide_adv_location":"on","hide_adv_property_type":"on","hide_adv_status":"on","hide_adv_contract":"on","hide_adv_material":"on","hide_adv_rooms":"on","hide_adv_year_built":"on","hide_adv_featured":"on","hide_adv_reduced":"on","hide_adv_sticky":"on","hide_adv_sold":"on"},"10":{"title":"","button_text":"Search","input_titles":"placeholders","layout_type":"horizontal2","price_min":"0","price_max":"5000","sort":",property_title,location,contract,property_type,garages,id,baths,beds,status,price,year_built,home_area,lot_area,rooms,amenity,featured,sticky,material,reduced,sold","hide_id":"on","hide_year_built":"on","hide_home_area":"on","hide_lot_area":"on","hide_featured":"on","hide_sticky":"on","hide_material":"on","hide_reduced":"on","hide_sold":"on","sort_adv":"","hide_adv_property_title":"on","hide_adv_id":"on","hide_adv_location":"on","hide_adv_property_type":"on","hide_adv_status":"on","hide_adv_contract":"on","hide_adv_material":"on","hide_adv_price":"on","hide_adv_rooms":"on","hide_adv_baths":"on","hide_adv_beds":"on","hide_adv_year_built":"on","hide_adv_home_area":"on","hide_adv_lot_area":"on","hide_adv_garages":"on","hide_adv_featured":"on","hide_adv_reduced":"on","hide_adv_sticky":"on","hide_adv_sold":"on"},"13":{"title":"","button_text":"SEARCH","input_titles":"placeholders","layout_type":"horizontal1","price_min":"0","price_max":"50000","sort":"","hide_id":"on","hide_amenity":"on","hide_status":"on","hide_contract":"on","hide_material":"on","hide_price":"on","hide_rooms":"on","hide_baths":"on","hide_beds":"on","hide_year_built":"on","hide_home_area":"on","hide_lot_area":"on","hide_garages":"on","hide_featured":"on","hide_reduced":"on","hide_sticky":"on","hide_sold":"on","show_adv_fields":"on","sort_adv":",property_title,baths,beds,id,garages,price,location,property_type,amenity,status,contract,material,rooms,year_built,home_area,lot_area,featured,reduced,sticky,sold","hide_adv_property_title":"on","hide_adv_id":"on","hide_adv_location":"on","hide_adv_property_type":"on","hide_adv_amenity":"on","hide_adv_status":"on","hide_adv_contract":"on","hide_adv_material":"on","hide_adv_rooms":"on","hide_adv_year_built":"on","hide_adv_featured":"on","hide_adv_reduced":"on","hide_adv_sticky":"on","hide_adv_sold":"on"},"14":{"title":"Find New Home","button_text":"SEARCH","input_titles":"placeholders","layout_type":"vertical","price_min":"0","price_max":"50000","sort":",property_title,status,property_type,location,garages,baths,beds,price,id,amenity,contract,material,rooms,year_built,home_area,lot_area,featured,reduced,sticky,sold","hide_garages":"on","hide_id":"on","hide_contract":"on","hide_material":"on","hide_rooms":"on","hide_year_built":"on","hide_home_area":"on","hide_lot_area":"on","hide_featured":"on","hide_reduced":"on","hide_sticky":"on","hide_sold":"on","sort_adv":""},"_multiwidget":1},"filter_rent_sale_widget":{"_multiwidget":1},"enquire_widget":{"2":{"title":""},"_multiwidget":1},"properties_widget":{"_multiwidget":1},"properties_map":{"_multiwidget":1},"apus_instagram":{"_multiwidget":1},"dsidx-quicksearch":{"2":{"title":"Real Estate Search","eDomain":null,"widgetType":"1"},"3":{"title":"Real Estate Search","eDomain":null,"widgetType":"1"},"_multiwidget":1},"dsidx-search":{"_multiwidget":1},"dsidx-list-areas":{"_multiwidget":1},"dsidx-listings":{"2":{"listingsToShow":"25","sort":"DateAdded|DESC","defaultDisplay":"listed","querySource":"area","areaSourceConfig":{"type":"city","name":""},"title":"Latest Real Estate"},"3":{"listingsToShow":"4","sort":"DateAdded|DESC","defaultDisplay":"expanded","querySource":"area","areaSourceConfig":{"type":"city","name":""},"title":"Latest Real Estate"},"4":{"listingsToShow":"4","sort":"DateAdded|DESC","defaultDisplay":"expanded","querySource":"area","areaSourceConfig":{"type":"city","name":""},"title":"Latest Real Estate"},"_multiwidget":1},"dsidx-single-listing":{"_multiwidget":1},"rev-slider-widget":{"_multiwidget":1},"mc4wp_form_widget":{"_multiwidget":1}}}