<wpml-config>
    <built-with-page-builder>/\[(fusion_builder_container|fusion_builder_row|fusion_builder_row_inner|fusion_builder_column|fusion_builder_column_inner)/</built-with-page-builder>
    <shortcode-list>fusion_alert,fusion_blog,fusion_button,fusion_checklist,fusion_li_item,fusion_code,fusion_builder_row,fusion_builder_row_inner,fusion_builder_column,fusion_builder_column_inner,fusion_builder_container,fusion_content_boxes,fusion_content_box,fusion_countdown,fusion_counters_box,fusion_counter_box,fusion_counters_circle,fusion_counter_circle,fusion_dropcap,fusion_events,fusion_faq,fusion_flip_boxes,fusion_flip_box,fusion_fontawesome,fusion_fusionslider,fusion_map,fusion_images,fusion_image,fusion_imageframe,layerslider,fusion_lightbox,fusion_menu_anchor,fusion_modal,fusion_modal_text_link,fusion_one_page_text_link,fusion_person,fusion_popover,fusion_popover,fusion_portfolio,fusion_postslider,fusion_pricing_table,fusion_pricing_column,fusion_pricing_price,fusion_pricing_row,fusion_pricing_footer,fusion_progress,fusion_recent_posts,rev_slider,fusion_section_separator,fusion_separator,fusion_sharing,fusion_slider,fusion_slide,fusion_social_links,fusion_soundcloud,fusion_soundcloud,fusion_tabs,fusion_tab,fusion_tagline_box,fusion_testimonials,fusion_testimonial,fusion_text,fusion_title,fusion_accordion,fusion_toggle,fusion_tooltip,fusion_login,fusion_lost_password,fusion_register,fusion_vimeo,fusion_widget_area,fusion_products_slider,fusion_featured_products_slider,fusion_youtube,fusion_tb_author,fusion_tb_comments,fusion_tb_content,fusion_tb_featured_slider,fusion_tb_pagination,fusion_tb_related,fusion_tb_results,fusion_tb_project_details,fusion_contact_form,fusion_privacy,fusion_audio,fusion_breadcrumbs,fusion_convert_plus,fusion_highlight,fusion_search,fusion_syntax_highlighter,fusion_video,fusion_widget</shortcode-list>
    <admin-texts>
        <key name="fusion_options">
            <key name="header_number"/>
            <key name="header_email"/>
            <key name="header_tagline"/>
            <key name="breacrumb_prefix"/>
            <key name="breadcrumb_separator"/>
            <key name="footer_text"/>
            <key name="blog_title"/>
            <key name="blog_subtitle"/>
            <key name="alternate_date_format_month_year"/>
            <key name="alternate_date_format_day"/>
            <key name="timeline_date_format"/>
            <key name="date_format"/>
            <key name="portfolio_slug"/>
            <key name="sharing_social_tagline"/>
            <key name="email_address"/>
            <key name="contact_form_privacy_label"/>
            <key name="gmap_address"/>
            <key name="map_infobox_content"/>
            <key name="privacy_bar_text"/>
            <key name="privacy_bar_more_text"/>
            <key name="privacy_bar_update_text"/>
            <key name="google_analytics"/>
            <key name="space_head"/>
            <key name="space_body"/>
            <key name="syntax_highlighter_copy_to_clipboard_text"/>
        </key>
    </admin-texts>
    <custom-types>
        <custom-type translate="1">themefusion_elastic</custom-type>
        <custom-type translate="1">slide</custom-type>
        <custom-type translate="1">layerslider</custom-type>
        <custom-type translate="1">revslider</custom-type>
        <custom-type translate="1">avada_faq</custom-type>
        <custom-type translate="1">avada_portfolio</custom-type>
        <custom-type translate="1">fusion_tb_section</custom-type>
        <custom-type translate="1">fusion_element</custom-type>
        <custom-type translate="0">fusion_icons</custom-type>
    </custom-types>
    <taxonomies>
        <taxonomy translate="1">portfolio_category</taxonomy>
        <taxonomy translate="1">faq_category</taxonomy>
        <taxonomy translate="1">portfolio_skills</taxonomy>
        <taxonomy translate="1">portfolio_tags</taxonomy>
        <taxonomy translate="1">themefusion_es_groups</taxonomy>
        <taxonomy translate="1">slide-page</taxonomy>
        <taxonomy translate="0">fusion_tb_category</taxonomy>
        <taxonomy translate="0">element_category</taxonomy>
    </taxonomies>
    <custom-fields>
        <custom-field action="ignore">fusion_demo_import</custom-field>
        <custom-field action="copy-once">_fusion_is_global</custom-field>
        <custom-field action="ignore">fusion_builder_status</custom-field>
        <custom-field action="copy-once">_fusion_builder_custom_css</custom-field>
        <custom-field action="copy-once">_fusion</custom-field>
    </custom-fields>
    <shortcodes>
        <shortcode>
            <tag>fusion_alert</tag>
        </shortcode>
        <shortcode>
            <tag>fusion_blog</tag>
            <attributes>
                <attribute type="link">title_link</attribute>
            </attributes>
        </shortcode>
        <shortcode>
            <tag>fusion_button</tag>
            <attributes>
                <attribute type="link">link</attribute>
                <attribute>title</attribute>
            </attributes>
        </shortcode>
        <shortcode>
            <tag>fusion_checklist</tag>
        </shortcode>
        <shortcode>
            <tag>fusion_li_item</tag>
        </shortcode>
        <shortcode>
            <tag encoding="base64" encoding-condition="option:avada_disable_encoding=1">fusion_code</tag>
        </shortcode>
        <shortcode>
            <tag>fusion_builder_row</tag>
        </shortcode>
        <shortcode>
            <tag>fusion_builder_column</tag>
            <attributes>
                <attribute type="link">link</attribute>
            </attributes>
        </shortcode>
        <shortcode>
            <tag>fusion_builder_column_inner</tag>
            <attributes>
                <attribute type="link">link</attribute>
            </attributes>
        </shortcode>
        <shortcode>
            <tag>fusion_builder_container</tag>
            <attributes>
                <attribute>menu_anchor</attribute>
                <attribute>video_mp4</attribute>
                <attribute>video_url</attribute>
            </attributes>
        </shortcode>
        <shortcode>
            <tag>fusion_content_boxes</tag>
            <attributes>
                <attribute type="media-url">image</attribute>
            </attributes>
        </shortcode>
        <shortcode>
            <tag>fusion_content_box</tag>
            <attributes>
                <attribute>title</attribute>
                <attribute type="link">link</attribute>
                <attribute>linktext</attribute>
                <attribute type="media-url">image</attribute>
            </attributes>
        </shortcode>
        <shortcode>
            <tag>fusion_countdown</tag>
            <attributes>
                <attribute>heading_text</attribute>
                <attribute>subheading_text</attribute>
                <attribute type="link">link_url</attribute>
                <attribute>link_text</attribute>
            </attributes>
        </shortcode>
        <shortcode>
            <tag>fusion_counters_box</tag>
        </shortcode>
        <shortcode>
            <tag>fusion_counter_box</tag>
        </shortcode>
        <shortcode>
            <tag>fusion_counters_circle</tag>
        </shortcode>
        <shortcode>
            <tag>fusion_counter_circle</tag>
        </shortcode>
        <shortcode>
            <tag>fusion_dropcap</tag>
        </shortcode>
        <shortcode>
            <tag>fusion_events</tag>
            <attributes>
                <attribute>cat_slug</attribute>
            </attributes>
        </shortcode>
        <shortcode>
            <tag>fusion_faq</tag>
            <attributes>
                <attribute>cats_slug</attribute>
                <attribute>exclude_cats</attribute>
            </attributes>
        </shortcode>
        <shortcode>
            <tag>fusion_flip_boxes</tag>
            <attributes>
                <attribute type="media-url">image</attribute>
            </attributes>
        </shortcode>
        <shortcode>
            <tag>fusion_flip_box</tag>
            <attributes>
                <attribute>title_front</attribute>
                <attribute>title_back</attribute>
                <attribute>text_front</attribute>
                <attribute type="media-url">image</attribute>
            </attributes>
        </shortcode>
        <shortcode>
            <tag>fusion_fusionslider</tag>
            <attributes>
                <attribute>name</attribute>
            </attributes>
        </shortcode>
        <shortcode>
            <tag>fusion_map</tag>
            <attributes>
                <attribute>address</attribute>
                <attribute>infobox_content</attribute>
                <attribute>infobox</attribute>
            </attributes>
        </shortcode>
        <shortcode>
            <tag>fusion_images</tag>
        </shortcode>
        <shortcode>
            <tag>fusion_image</tag>
            <attributes>
                <attribute type="link">link</attribute>
                <attribute>alt</attribute>
                <attribute type="media-url">image</attribute>
            </attributes>
        </shortcode>
        <shortcode>
            <tag type="media-url">fusion_imageframe</tag>
            <attributes>
                <attribute>image_id</attribute>
                <attribute>gallery_id</attribute>
                <attribute>alt</attribute>
                <attribute type="link">link</attribute>
                <attribute type="media-ids">image_id</attribute>
            </attributes>
        </shortcode>
        <shortcode>
            <tag>layerslider</tag>
        </shortcode>
        <shortcode>
            <tag>fusion_lightbox</tag>
            <attributes>
                <attribute>video_url</attribute>
                <attribute>description</attribute>
                <attribute>alt_text</attribute>
                <attribute type="media-url">full_image</attribute>
                <attribute type="media-url">thumbnail_image</attribute>
            </attributes>
        </shortcode>
        <shortcode>
            <tag>fusion_menu_anchor</tag>
        </shortcode>
        <shortcode>
            <tag>fusion_modal</tag>
            <attributes>
                <attribute>title</attribute>
            </attributes>
        </shortcode>
        <shortcode>
            <tag>fusion_modal_text_link</tag>
        </shortcode>
        <shortcode>
            <tag>fusion_one_page_text_link</tag>
            <attributes>
                <attribute type="link">link</attribute>
            </attributes>
        </shortcode>
        <shortcode>
            <tag>fusion_person</tag>
            <attributes>
                <attribute>name</attribute>
                <attribute>title</attribute>
                <attribute type="link">pic_link</attribute>
                <attribute type="media-url">picture</attribute>
            </attributes>
        </shortcode>
        <shortcode>
            <tag>fusion_popover</tag>
            <attributes>
                <attribute>title</attribute>
                <attribute>content</attribute>
            </attributes>
        </shortcode>
        <shortcode>
            <tag>fusion_popover</tag>
            <attributes>
                <attribute>title</attribute>
                <attribute>content</attribute>
            </attributes>
        </shortcode>
        <shortcode>
            <tag>fusion_pricing_table</tag>
        </shortcode>
        <shortcode>
            <tag>fusion_pricing_column</tag>
            <attributes>
                <attribute>title</attribute>
            </attributes>
        </shortcode>
        <shortcode>
            <tag>fusion_pricing_price</tag>
            <attributes>
                <attribute>currency</attribute>
                <attribute>price</attribute>
                <attribute>time</attribute>
            </attributes>
        </shortcode>
        <shortcode>
            <tag>fusion_pricing_row</tag>
        </shortcode>
        <shortcode>
            <tag>fusion_pricing_footer</tag>
        </shortcode>
        <shortcode>
            <tag>fusion_progress</tag>
        </shortcode>
        <shortcode>
            <tag>rev_slider</tag>
        </shortcode>
        <shortcode>
            <tag>fusion_section_separator</tag>
        </shortcode>
        <shortcode>
            <tag>fusion_separator</tag>
        </shortcode>
        <shortcode>
            <tag>fusion_sharing</tag>
            <attributes>
                <attribute>tagline</attribute>
                <attribute>title</attribute>
                <attribute type="link">link</attribute>
                <attribute>description</attribute>
                <attribute type="media-url">pinterest_image</attribute>
            </attributes>
        </shortcode>
        <shortcode>
            <tag>fusion_slider</tag>
        </shortcode>
        <shortcode>
            <tag type="media-url">fusion_slide</tag>
            <attributes>
                <attribute type="link">link</attribute>
            </attributes>
        </shortcode>
        <shortcode>
            <tag>fusion_social_links</tag>
        </shortcode>
        <shortcode>
            <tag>fusion_soundcloud</tag>
            <attributes>
                <attribute>url</attribute>
            </attributes>
        </shortcode>
        <shortcode>
            <tag>fusion_tabs</tag>
        </shortcode>
        <shortcode>
            <tag>fusion_tab</tag>
            <attributes>
                <attribute>title</attribute>
            </attributes>
        </shortcode>
        <shortcode>
            <tag>fusion_testimonials</tag>
        </shortcode>
        <shortcode>
            <tag>fusion_testimonial</tag>
            <attributes>
                <attribute>name</attribute>
                <attribute>company</attribute>
                <attribute type="link">link</attribute>
            </attributes>
        </shortcode>
        <shortcode>
            <tag>fusion_text</tag>
        </shortcode>
        <shortcode>
            <tag>fusion_title</tag>
        </shortcode>
        <shortcode>
            <tag>fusion_accordion</tag>
        </shortcode>
        <shortcode>
            <tag>fusion_toggle</tag>
            <attributes>
                <attribute>title</attribute>
            </attributes>
        </shortcode>
        <shortcode>
            <tag>fusion_tooltip</tag>
            <attributes>
                <attribute>title</attribute>
            </attributes>
        </shortcode>
        <shortcode>
            <tag>fusion_login</tag>
            <attributes>
                <attribute>heading</attribute>
                <attribute>caption</attribute>
                <attribute>redirection_link</attribute>
                <attribute type="link">register_link</attribute>
                <attribute>lost_password_link</attribute>
            </attributes>
        </shortcode>
        <shortcode>
            <tag>fusion_lost_password</tag>
            <attributes>
                <attribute>heading</attribute>
                <attribute>caption</attribute>
                <attribute type="link">redirection_link</attribute>
            </attributes>
        </shortcode>
        <shortcode>
            <tag>fusion_register</tag>
            <attributes>
                <attribute>heading</attribute>
                <attribute>caption</attribute>
                <attribute type="link">redirection_link</attribute>
            </attributes>
        </shortcode>
        <shortcode>
            <tag>fusion_vimeo</tag>
            <attributes>
                <attribute>id</attribute>
            </attributes>
        </shortcode>
        <shortcode>
            <tag>fusion_widget_area</tag>
            <attributes>
                <attribute>name</attribute>
            </attributes>
        </shortcode>
        <shortcode>
            <tag>fusion_featured_products_slider</tag>
        </shortcode>
        <shortcode>
            <tag>fusion_youtube</tag>
            <attributes>
                <attribute>id</attribute>
            </attributes>
        </shortcode>
        <shortcode>
            <tag>fusion_table</tag>
        </shortcode>
        <shortcode>
            <tag>fusion_tagline_box</tag>
            <attributes>
                <attribute type="link">link</attribute>
                <attribute>button</attribute>
                <attribute>title</attribute>
                <attribute encoding="base64">description</attribute>
            </attributes>
        </shortcode>
        <shortcode>
            <tag>fusion_chart</tag>
            <attributes>
                <attribute>title</attribute>
                <attribute>x_axis_label</attribute>
                <attribute>y_axis_label</attribute>
                <attribute>x_axis_labels</attribute>
            </attributes>
        </shortcode>
        <shortcode>
            <tag>fusion_chart_dataset</tag>
            <attributes>
                <attribute>title</attribute>
                <attribute>values</attribute>
            </attributes>
        </shortcode>
        <shortcode>
            <tag>fusion_image_before_after</tag>
            <attributes>
                <attribute>before_label</attribute>
                <attribute>after_label</attribute>
                <attribute type="media-url">before_image</attribute>
                <attribute type="media-url">after_image</attribute>
            </attributes>
        </shortcode>
        <shortcode>
            <tag ignore-content="1">fusion_gallery</tag>
            <attributes>
                <attribute type="media-ids">image_ids</attribute>
            </attributes>
        </shortcode>
        <shortcode>
            <tag>fusion_dropcap</tag>
        </shortcode>
        <shortcode>
            <tag>fusion_video</tag>
            <attributes>
                <attribute>video</attribute>
                <attribute>video_webm</attribute>
            </attributes>
        </shortcode>
        <shortcode>
            <tag>fusion_audio</tag>
            <attributes>
                <attribute>src</attribute>
            </attributes>
        </shortcode>
    </shortcodes>
    <custom-term-fields>
        <custom-term-field action="copy">fusion_slider_options</custom-term-field>
    </custom-term-fields>
</wpml-config>
